{"cameraMode":{"drawMode":0,"name":"Shaded","section":"Shading Mode"},"sceneLighting":true,"audioPlay":false,"sceneViewState":{"m_AlwaysRefresh":false,"showFog":true,"showSkybox":true,"showFlares":true,"showImageEffects":true,"showParticleSystems":true,"showVisualEffectGraphs":true,"m_FxEnabled":true},"in2DMode":false,"pivot":{"x":-42.61904525756836,"y":105.64634704589844,"z":340.8470153808594},"rotation":{"x":0.5239180326461792,"y":0.0025920614134520294,"z":-0.0014717745361849666,"w":0.8518309593200684},"size":122.4744873046875,"orthographic":false}